,Date,Prev Close,Open Price,High Price,Low Price,Last Price,Close Price,Average Price,Total Traded Quantity,Turnover,No. of Trades,Deliverable Qty,% Dly Qt to Traded Qty,Month,Year,vwap,Day_Perc_Change,Trend
0,2018-04-09,56.0,61.6,73.9,57.25,72.3,71.65,65.59,67619635,4434900466.7,263630,13918070,20.58,4,2018,71.65,0.0,Slight or No change
1,2018-04-10,71.65,69.85,71.5,65.4,66.5,66.85,68.42,15217104,1041159166.2,87183,3186294,20.94,4,2018,70.76824028707841,-0.06699232379623188,Slight or No change
2,2018-04-11,66.85,67.25,69.7,66.05,66.95,66.95,67.69,9094509,615621579.8,44895,2323539,25.55,4,2018,70.39051213250146,0.0014958863126404154,Slight or No change
3,2018-04-12,66.95,67.1,67.7,65.1,66.5,66.4,66.44,2408408,160021982.75,14777,681080,28.28,4,2018,70.28863788627764,-0.00821508588498876,Slight or No change
4,2018-04-13,66.4,66.7,68.2,66.5,67.6,67.7,67.56,2406014,162540027.5,20955,994028,41.31,4,2018,70.22425982165403,0.01957831325301207,Slight or No change
5,2018-04-16,67.7,66.9,68.1,66.0,67.45,67.25,67.28,2128485,143204600.45,14187,1188805,55.85,4,2018,70.16023229680192,-0.006646971935007406,Slight or No change
6,2018-04-17,67.25,67.6,70.2,66.85,68.3,68.5,69.09,4825528,333377403.35,24391,1940412,40.21,4,2018,70.0829755762127,0.018587360594795488,Slight or No change
7,2018-04-18,68.5,69.0,71.7,65.9,68.2,68.05,69.81,6054807,422702405.2,29244,1818832,30.04,4,2018,69.97082276360631,-0.006569343065693456,Slight or No change
8,2018-04-19,68.05,69.2,72.7,68.5,72.65,71.85,70.89,3326199,235797551.35,15997,1246134,37.46,4,2018,70.02609760761185,0.0558412931667891,Slight or No change
9,2018-04-20,71.85,72.5,85.5,72.1,82.35,83.7,79.74,18742753,1494568727.6,72952,2689086,14.35,4,2018,71.97026300944258,0.16492693110647205,Slight or No change
10,2018-04-23,83.7,83.0,90.9,80.4,84.05,83.95,86.39,17221425,1487687521.15,103513,3391690,19.69,4,2018,73.35446460091778,0.0029868578255674016,Slight or No change
11,2018-04-24,83.95,84.5,86.7,80.55,81.75,81.65,83.32,4452462,370969744.4,28711,1206266,27.09,4,2018,73.59509130351056,-0.0273972602739726,Slight or No change
12,2018-04-25,81.65,81.7,82.0,74.4,75.1,75.65,77.01,4514470,347638878.1,25186,1783643,39.51,4,2018,73.65380099305115,-0.07348438456827922,Slight or No change
13,2018-04-26,75.65,75.5,75.65,70.25,72.4,73.1,72.57,5474867,397330923.75,32843,1868477,34.13,4,2018,73.63525521891798,-0.03370786516853952,Slight or No change
14,2018-04-27,73.1,73.0,76.9,72.2,75.4,75.35,75.08,3916156,294032531.3,24179,821997,20.99,4,2018,73.67536928618802,0.03077975376196984,Slight or No change
15,2018-04-30,75.35,75.5,76.9,73.8,75.75,75.55,75.53,1401796,105875774.8,9234,375394,26.78,4,2018,73.69093669108032,0.002654280026542777,Slight or No change
16,2018-05-02,75.55,75.8,80.8,75.2,78.5,78.4,78.35,3896698,305299189.25,26327,1209300,31.03,5,2018,73.79718832831593,0.03772336201191284,Slight or No change
17,2018-05-03,78.4,80.0,80.4,76.5,79.0,79.0,78.53,2774372,217874877.85,22654,777277,28.02,5,2018,73.87944778652185,0.007653061224489832,Slight or No change
18,2018-05-04,79.0,78.65,79.55,76.6,76.8,77.2,78.15,1027937,80329013.25,9315,378430,36.81,5,2018,73.89878630424728,-0.02278481012658229,Slight or No change
19,2018-05-07,77.2,77.2,77.45,70.3,72.9,73.2,73.96,2951116,218271676.55,63183,1917716,64.98,5,2018,73.88729483051105,-0.051813471502590636,Slight or No change
20,2018-05-08,73.2,73.6,74.95,72.35,72.8,72.9,73.58,2464144,181304305.6,52056,1518496,61.62,5,2018,73.87392163600828,-0.004098360655737654,Slight or No change
21,2018-05-09,72.9,73.05,74.6,72.0,72.1,72.4,73.37,2289495,167987192.75,50832,1686130,73.65,5,2018,73.85560251167726,-0.006858710562414272,Slight or No change
22,2018-05-10,72.4,72.85,73.4,71.1,71.5,71.55,72.08,1916462,138147915.6,44113,1315863,68.66,5,2018,73.83186253396525,-0.01174033149171283,Slight or No change
23,2018-05-11,71.55,71.95,71.95,68.2,69.2,69.3,70.08,1544306,108226567.3,31340,1076701,69.72,5,2018,73.79457040269614,-0.03144654088050314,Slight or No change
24,2018-05-14,69.3,69.45,71.7,66.2,69.0,68.1,69.79,2301609,160620222.9,29608,1471855,63.95,5,2018,73.72557728661364,-0.017316017316017396,Slight or No change
25,2018-05-15,68.1,68.45,68.8,66.0,66.4,66.75,66.95,1411571,94497724.35,11760,737133,52.22,5,2018,73.6741277995636,-0.01982378854625544,Slight or No change
26,2018-05-16,66.75,66.5,66.8,63.0,65.55,65.0,65.17,4602647,299955495.85,23137,3672504,79.79,5,2018,73.4704185698419,-0.02621722846441943,Slight or No change
27,2018-05-17,65.0,65.15,68.65,64.5,65.05,65.1,66.73,4371369,291700332.4,20118,2850776,65.21,5,2018,73.28779301617722,0.0015384615384614886,Slight or No change
28,2018-05-18,65.1,65.5,65.75,63.0,63.85,63.95,63.96,1314524,84071869.3,8433,691706,52.62,5,2018,73.22692774025249,-0.01766513056835628,Slight or No change
29,2018-05-21,63.95,63.85,63.85,61.8,63.5,63.05,62.77,775558,48682276.0,6455,323064,41.66,5,2018,73.18794064682574,-0.014073494917904661,Slight or No change
30,2018-05-22,63.05,62.95,68.0,62.55,66.3,66.35,65.72,1436399,94407132.45,8678,421167,29.32,5,2018,73.13976586257326,0.05233941316415547,Slight or No change
31,2018-05-23,66.35,66.4,68.5,64.1,65.15,65.15,66.72,782434,52201228.4,15352,272471,34.82,5,2018,73.10922103785087,-0.01808590806330046,Slight or No change
32,2018-05-24,65.15,65.2,67.45,64.1,65.9,65.4,66.12,899280,59462023.6,11662,410833,45.68,5,2018,73.07549562816375,0.0038372985418264616,Slight or No change
33,2018-05-25,65.4,66.0,67.4,64.25,65.85,65.7,65.98,1135981,74952012.65,12179,540442,47.57,5,2018,73.03496151194975,0.004587155963302614,Slight or No change
34,2018-05-28,65.7,68.45,70.0,67.1,69.2,69.05,68.75,1783592,122626781.6,16131,689571,38.66,5,2018,73.00086996701216,0.050989345509893313,Slight or No change
35,2018-05-29,69.05,69.9,70.9,69.65,70.3,70.1,70.12,1536212,107726422.85,13780,895037,58.26,5,2018,72.97965130031892,0.01520637219406229,Slight or No change
36,2018-05-30,70.1,70.8,75.75,70.0,72.6,72.45,73.34,3715096,272467632.8,29509,1616828,43.52,5,2018,72.97044503292904,0.03352353780313844,Slight or No change
37,2018-05-31,72.45,73.45,74.7,71.0,73.65,72.6,73.61,1438929,105916315.2,10419,676980,47.05,5,2018,72.96796776692003,0.0020703933747410197,Slight or No change
38,2018-06-01,72.6,72.5,75.0,71.6,72.3,72.7,73.57,1163627,85602771.8,12092,499721,42.95,6,2018,72.96652643639413,0.0013774104683197397,Slight or No change
39,2018-06-04,72.7,75.25,77.4,73.45,75.6,75.95,75.44,3209752,242131998.8,22976,1124474,35.03,6,2018,73.01014433362754,0.04470426409903716,Slight or No change
40,2018-06-05,75.95,75.35,75.35,69.35,70.15,70.2,71.69,2973410,213173821.85,28301,1652760,55.58,6,2018,72.97259414249446,-0.07570770243581304,Slight or No change
41,2018-06-06,70.2,70.0,71.5,69.5,70.0,70.2,70.17,2222313,155929747.05,13860,1342789,60.42,6,2018,72.94517811778195,0.0,Slight or No change
42,2018-06-07,70.2,70.8,73.5,70.55,71.45,71.35,71.6,1917055,137263747.0,20369,823134,42.94,6,2018,72.93168637967304,0.01638176638176625,Slight or No change
43,2018-06-08,71.35,71.0,71.35,69.9,70.2,70.1,70.22,1723456,121018698.05,8609,922839,53.55,6,2018,72.91031759861491,-0.017519271198318198,Slight or No change
44,2018-06-11,70.1,70.7,72.0,70.5,71.2,71.2,71.17,749228,53324847.9,5338,292556,39.05,6,2018,72.90472514021212,0.01569186875891604,Slight or No change
45,2018-06-12,71.2,71.45,78.25,70.8,76.1,76.5,75.65,4730394,357873515.75,29299,1485033,31.39,6,2018,72.97744730727295,0.074438202247191,Slight or No change
46,2018-06-13,76.5,76.0,76.5,74.5,75.1,75.15,75.35,1108764,83540701.0,8360,455239,41.06,6,2018,72.987698931493,-0.01764705882352935,Slight or No change
47,2018-06-14,75.15,74.8,75.8,73.5,75.05,75.3,74.71,784144,58580574.25,5580,281336,35.88,6,2018,72.99538982048477,0.001996007984031767,Slight or No change
48,2018-06-15,75.3,74.25,75.9,73.85,75.5,75.5,74.91,722753,54140697.9,4371,328249,45.42,6,2018,73.00304467628861,0.0026560424966799445,Slight or No change
49,2018-06-18,75.5,75.0,77.0,74.7,76.5,76.3,76.23,1033699,78800046.1,7322,404458,39.13,6,2018,73.01739361813478,0.01059602649006619,Slight or No change
50,2018-06-19,76.3,75.35,77.4,74.95,76.7,76.45,76.5,712324,54493952.3,5358,286014,40.15,6,2018,73.02765754995394,0.001965923984272644,Slight or No change
51,2018-06-20,76.45,76.8,77.8,73.7,74.05,74.15,75.78,1624077,123073926.35,11998,880912,54.24,6,2018,73.03525719780473,-0.0300850228907783,Slight or No change
52,2018-06-21,74.15,74.35,75.5,73.1,75.5,74.95,74.36,501222,37268935.4,2792,263240,52.52,6,2018,73.03925016203519,0.010788941335131419,Slight or No change
53,2018-06-22,74.95,74.6,76.0,73.8,74.8,75.25,75.1,402803,30250403.0,2514,151838,37.7,6,2018,73.04294895415171,0.004002668445630464,Slight or No change
54,2018-06-25,75.25,74.3,75.6,72.3,74.5,73.45,73.7,341342,25156863.3,2149,178076,52.17,6,2018,73.04352525720266,-0.02392026578073081,Slight or No change
55,2018-06-26,73.45,73.0,73.95,71.8,72.55,73.05,72.82,347334,25291474.65,2362,156619,45.09,6,2018,73.04353457164625,-0.00544588155207637,Slight or No change
56,2018-06-27,73.05,72.65,73.95,70.0,73.4,72.75,71.82,615039,44172254.9,3971,271461,44.14,6,2018,73.04278873431862,-0.004106776180698102,Slight or No change
57,2018-06-28,72.75,73.5,74.8,73.0,73.6,74.1,73.98,765093,56601966.45,9684,339352,44.35,6,2018,73.04611983424348,0.01855670103092777,Slight or No change
58,2018-06-29,74.1,74.35,77.2,74.35,77.0,76.85,76.68,1434309,109986253.0,7430,757378,52.8,6,2018,73.0684567622149,0.037112010796221284,Slight or No change
59,2018-07-02,76.85,76.9,77.2,73.75,73.75,74.15,74.83,397673,29758189.1,3922,173112,43.53,7,2018,73.07021475620935,-0.03513337670787231,Slight or No change
60,2018-07-03,74.15,73.85,74.35,72.65,72.75,72.95,73.24,358312,26244198.55,3903,152397,42.53,7,2018,73.07003895132328,-0.01618341200269724,Slight or No change
61,2018-07-04,72.95,72.95,74.4,71.8,72.35,72.65,72.85,730881,53243266.25,4983,406226,55.58,7,2018,73.06878968665333,-0.004112405757368043,Slight or No change
62,2018-07-05,72.65,72.45,73.55,71.6,71.8,72.05,72.62,249308,18104994.4,2479,117230,47.02,7,2018,73.06775716634087,-0.008258774948382785,Slight or No change
63,2018-07-06,72.05,71.8,73.75,71.3,72.75,72.75,72.71,316737,23029577.2,2329,139034,43.9,7,2018,73.0673485524089,0.009715475364330262,Slight or No change
64,2018-07-09,72.75,73.0,73.75,72.4,72.7,72.85,73.02,153710,11224276.85,1501,66390,43.19,7,2018,73.06721300008928,0.0013745704467353903,Slight or No change
65,2018-07-10,72.85,73.35,75.8,73.0,74.55,74.8,74.8,654263,48937786.7,5492,286740,43.83,7,2018,73.07180069223062,0.026767330130404998,Slight or No change
66,2018-07-11,74.8,74.6,79.9,74.6,77.7,77.65,78.13,3235521,252780909.1,40414,1618577,50.03,7,2018,73.13096861269736,0.038101604278075074,Slight or No change
67,2018-07-12,77.65,78.15,80.5,77.8,78.6,78.8,79.08,1942177,153584868.9,22152,1143083,58.86,7,2018,73.17460903110243,0.014810045074050038,Slight or No change
68,2018-07-13,78.8,79.5,79.8,74.5,75.65,75.55,76.45,833505,63718058.25,8448,434893,52.18,7,2018,73.18243074880994,-0.04124365482233505,Slight or No change
69,2018-07-16,75.55,75.05,76.0,72.45,74.25,73.75,73.68,620634,45726449.0,4984,321843,51.86,7,2018,73.18381894141719,-0.02382528127068162,Slight or No change
70,2018-07-17,73.75,74.35,75.25,73.5,74.0,74.2,74.4,418992,31174771.3,4208,213704,51.0,7,2018,73.18549409878975,0.006101694915254363,Slight or No change
71,2018-07-18,74.2,74.8,75.2,72.75,73.5,74.0,73.96,1479785,109439471.25,4431,1247884,84.33,7,2018,73.19020875990871,-0.0026954177897574594,Slight or No change
72,2018-07-19,74.0,74.1,74.5,73.05,73.5,73.9,73.91,201717,14909505.65,2951,94640,46.92,7,2018,73.19076837345705,-0.0013513513513512265,Slight or No change
73,2018-07-20,73.9,74.6,75.45,73.2,75.45,74.9,74.57,301490,22482937.55,5001,185017,61.37,7,2018,73.19278013939523,0.013531799729364025,Slight or No change
74,2018-07-23,74.9,76.0,78.5,75.3,77.85,77.65,77.25,898533,69415589.4,9500,309041,34.39,7,2018,73.2083606234164,0.03671562082777036,Slight or No change
75,2018-07-24,77.65,77.65,78.45,76.3,76.5,76.7,77.05,341120,26283543.55,3754,122580,35.93,7,2018,73.21298809190363,-0.012234385061171915,Slight or No change
76,2018-07-25,76.7,76.7,78.55,76.0,77.1,77.6,77.68,431358,33508052.55,3442,221981,51.46,7,2018,73.22032792788607,0.011734028683181075,Slight or No change
77,2018-07-26,77.6,77.6,83.85,77.15,82.3,81.75,81.57,1660530,135442021.2,10950,602247,36.27,7,2018,73.27491258638011,0.053479381443299,Slight or No change
78,2018-07-27,81.75,82.95,84.6,80.9,82.0,81.9,82.75,969417,80215180.85,10775,420335,43.36,7,2018,73.30701562859055,0.0018348623853212676,Slight or No change
79,2018-07-30,81.9,81.95,82.35,78.5,79.6,79.6,79.66,785646,62580909.25,20416,457566,58.24,7,2018,73.32594113659574,-0.028083028083028205,Slight or No change
80,2018-07-31,79.6,79.65,79.65,77.6,77.75,78.0,78.32,768527,60190083.85,4116,620014,80.68,7,2018,73.33965126540099,-0.02010050251256279,Slight or No change
81,2018-08-01,78.0,77.8,79.0,76.0,76.15,76.3,77.36,422485,32685443.35,3179,237838,56.3,8,2018,73.34441714055268,-0.02179487179487183,Slight or No change
82,2018-08-02,76.3,76.1,83.0,75.45,80.35,81.5,79.56,3095392,246278473.7,15801,1329381,42.95,8,2018,73.43949218809438,0.06815203145478388,Slight or No change
83,2018-08-03,81.5,82.25,84.45,80.35,83.6,83.4,82.44,1972241,162598239.05,11976,556407,28.21,8,2018,73.51293063016868,0.02331288343558291,Slight or No change
84,2018-08-06,83.4,84.1,86.25,83.0,84.1,84.7,84.65,1421396,120314976.05,12412,534638,37.61,8,2018,73.57206116547044,0.015587529976019088,Slight or No change
85,2018-08-07,84.7,84.9,84.9,81.6,82.65,82.75,82.98,682068,56596282.7,4500,238799,35.01,8,2018,73.59528067804776,-0.023022432113341207,Slight or No change
86,2018-08-08,82.75,83.5,84.5,82.2,82.5,82.85,83.18,547155,45510587.35,3474,192426,35.17,8,2018,73.61402515726068,0.0012084592145014117,Slight or No change
87,2018-08-09,82.85,82.9,82.95,81.2,81.4,81.6,81.96,391368,32075804.35,3097,215866,55.16,8,2018,73.62557787834862,-0.015087507543753764,Slight or No change
88,2018-08-10,81.6,81.6,82.0,80.1,81.0,80.65,80.82,332250,26852897.6,2477,182906,55.05,8,2018,73.63419403520676,-0.011642156862744946,Slight or No change
89,2018-08-13,80.65,80.2,82.0,77.65,78.6,78.55,80.44,452057,36364204.8,4220,216889,47.98,8,2018,73.64238437169672,-0.02603843769373848,Slight or No change
90,2018-08-14,78.55,81.5,81.5,78.05,79.25,79.75,79.66,1466615,116823648.15,13900,261384,17.82,8,2018,73.67522114004821,0.015276893698281446,Slight or No change
91,2018-08-16,79.75,80.4,80.4,77.95,78.05,78.2,78.78,229815,18105560.4,1804,122339,53.23,8,2018,73.67902989118002,-0.019435736677115956,Slight or No change
92,2018-08-17,78.2,78.9,80.0,78.5,78.7,79.0,79.17,307998,24385021.95,2617,104264,33.85,8,2018,73.68502581245468,0.010230179028132946,Slight or No change
93,2018-08-20,79.0,79.6,79.6,77.2,78.0,78.0,78.3,271930,21292394.6,2204,164941,60.66,8,2018,73.68931446311487,-0.012658227848101222,Slight or No change
94,2018-08-21,78.0,78.0,79.3,78.0,79.0,79.0,78.87,294216,23203993.15,2107,181378,61.65,8,2018,73.69501919778554,0.012820512820512775,Slight or No change
95,2018-08-23,79.0,78.8,79.15,76.6,77.25,77.25,77.46,435487,33732639.95,3666,291233,66.88,8,2018,73.7006626006918,-0.022151898734177222,Slight or No change
96,2018-08-24,77.25,77.25,79.35,77.0,78.55,78.7,78.42,305720,23974047.75,2455,188097,61.53,8,2018,73.70622780586694,0.01877022653721694,Slight or No change
97,2018-08-27,78.7,77.1,79.3,77.1,77.6,78.7,78.68,379706,29873825.1,1921,293272,77.24,8,2018,73.71312259571074,0.0,Slight or No change
98,2018-08-28,78.7,78.1,81.7,77.15,77.4,77.55,79.82,1321268,105460308.7,15836,441818,33.44,8,2018,73.73146820645445,-0.014612452350698968,Slight or No change
99,2018-08-29,77.55,77.55,79.0,77.55,77.95,77.95,78.08,211875,16542205.25,1638,125998,59.47,8,2018,73.73470020768417,0.0051579626047710825,Slight or No change
100,2018-08-30,77.95,78.0,79.5,77.65,78.0,78.15,78.58,272692,21429338.15,2347,118445,43.44,8,2018,73.73904966467083,0.0025657472738935816,Slight or No change
101,2018-08-31,78.15,78.3,78.95,77.35,78.8,78.55,78.37,218619,17134010.45,1828,150677,68.92,8,2018,73.74284612069836,0.0051183621241202015,Slight or No change
102,2018-09-03,78.55,78.75,78.8,77.0,77.25,77.25,77.82,199300,15508956.35,2960,132004,66.23,9,2018,73.74536733290107,-0.01654996817313814,Slight or No change
103,2018-09-04,77.25,77.95,77.95,74.75,75.7,75.3,76.2,260088,19819286.5,4262,180536,69.41,9,2018,73.74682442883642,-0.025242718446601975,Slight or No change
104,2018-09-05,75.3,75.7,75.8,73.5,75.0,75.1,74.56,361462,26950232.25,4064,200517,55.47,9,2018,73.74858474835955,-0.0026560424966799445,Slight or No change
105,2018-09-06,75.1,76.75,76.75,73.65,75.5,74.75,75.04,690622,51824269.6,6745,356536,51.63,9,2018,73.75106760255612,-0.0046604527296936205,Slight or No change
106,2018-09-07,74.75,74.95,75.6,73.95,74.5,74.25,74.5,160831,11981108.5,2584,74811,46.52,9,2018,73.75135551298112,-0.006688963210702337,Slight or No change
107,2018-09-10,74.25,73.5,74.8,73.25,73.6,73.4,73.79,91188,6728854.8,1071,55005,60.32,9,2018,73.75124059491264,-0.011447811447811373,Slight or No change
108,2018-09-11,73.4,74.35,75.5,72.5,73.1,73.4,74.12,264606,19611632.4,2860,108510,41.01,9,2018,73.75090755501736,0.0,Slight or No change
109,2018-09-12,73.4,73.4,74.7,73.15,74.4,74.3,74.1,129195,9573916.65,1333,78214,60.54,9,2018,73.75116164177562,0.012261580381471182,Slight or No change
110,2018-09-14,74.3,74.35,74.6,73.1,73.1,73.25,73.64,146668,10801020.2,3382,106094,72.34,9,2018,73.75089850838243,-0.014131897711978425,Slight or No change
111,2018-09-17,73.25,73.25,78.15,72.8,77.65,76.65,76.58,1686972,129179893.25,18193,1208887,71.66,9,2018,73.76830131186752,0.04641638225255984,Slight or No change
112,2018-09-18,76.65,75.75,77.3,74.4,74.45,74.8,75.54,141419,10683209.9,1923,96624,68.32,9,2018,73.7688202195172,-0.0241356816699283,Slight or No change
113,2018-09-19,74.8,74.8,75.75,73.0,73.6,74.05,74.01,160800,11900888.5,2161,94663,58.87,9,2018,73.76898093261242,-0.010026737967914423,Slight or No change
114,2018-09-21,74.05,74.35,77.85,71.0,73.6,73.85,74.63,1927513,143844478.15,19345,1574465,81.68,9,2018,73.76953224825708,-0.0027008777852802757,Slight or No change
115,2018-09-24,73.85,73.75,74.15,70.55,71.0,71.15,71.94,159664,11485810.75,3967,104992,65.76,9,2018,73.76805653565141,-0.036560595802301865,Slight or No change
116,2018-09-25,71.15,70.95,72.25,68.7,72.2,71.8,70.58,228892,16156299.65,1933,159118,69.52,9,2018,73.7664683962613,0.009135628952916308,Slight or No change
117,2018-09-26,71.8,71.95,73.0,71.0,72.1,72.55,71.97,159136,11453585.55,6721,69473,43.66,9,2018,73.76578629929794,0.010445682451253546,Slight or No change
118,2018-09-27,72.55,72.0,73.7,71.0,72.7,72.95,72.52,192994,13995058.35,2696,112552,58.32,9,2018,73.76523192659852,0.005513439007581056,Slight or No change
119,2018-09-28,72.95,73.7,75.4,70.0,72.55,72.6,71.75,585703,42024399.55,8152,331494,56.6,9,2018,73.76283377459876,-0.004797806716929531,Slight or No change
120,2018-10-01,72.6,72.4,72.45,68.5,70.5,70.6,70.13,378126,26519802.0,11448,231166,61.13,10,2018,73.75863692765529,-0.02754820936639124,Slight or No change
121,2018-10-03,70.6,70.0,71.4,68.0,69.55,69.9,70.23,151001,10604145.5,5183,86959,57.59,10,2018,73.75659333707259,-0.009915014164305735,Slight or No change
122,2018-10-04,69.9,68.0,70.9,68.0,68.6,69.7,69.16,235102,16259509.65,4655,97497,41.47,10,2018,73.75325107897865,-0.0028612303290415086,Slight or No change
123,2018-10-05,69.7,69.0,69.0,65.4,65.6,66.9,67.35,375621,25297922.1,5902,311717,82.99,10,2018,73.74424164750756,-0.04017216642754662,Slight or No change
124,2018-10-08,66.9,66.0,69.0,66.0,68.5,68.2,68.13,300450,20468300.65,13145,212575,70.75,10,2018,73.7384178159884,0.01943198804185342,Slight or No change
125,2018-10-09,68.2,68.2,70.2,68.2,70.0,70.0,69.43,242149,16813461.15,8162,166895,68.92,10,2018,73.73525555694148,0.02639296187683282,Slight or No change
126,2018-10-10,70.0,70.0,72.4,69.1,71.0,71.4,71.79,774434,55596173.3,12311,688350,88.88,10,2018,73.7289550941308,0.020000000000000018,Slight or No change
127,2018-10-11,71.4,69.65,70.0,68.6,69.5,69.5,69.41,199933,13876708.95,7537,158503,79.28,10,2018,73.72601156193632,-0.02661064425770321,Slight or No change
128,2018-10-12,69.5,70.0,72.8,69.25,69.7,69.75,70.9,651319,46181435.9,2241,590872,90.72,10,2018,73.71701640018286,0.003597122302158251,Slight or No change
129,2018-10-15,69.75,69.9,70.6,68.7,69.2,69.35,69.12,150496,10402228.15,2083,110263,73.27,10,2018,73.71473474294032,-0.005734767025089682,Slight or No change
130,2018-10-16,69.35,69.0,70.5,69.0,69.3,69.45,69.83,126452,8830071.6,2057,84877,67.12,10,2018,73.71286333815102,0.0014419610670513006,Slight or No change
131,2018-10-17,69.45,70.5,71.5,66.65,68.0,67.7,68.72,228628,15712247.05,3700,115694,50.6,10,2018,73.70809665441794,-0.025197984161267062,Slight or No change
132,2018-10-19,67.7,66.4,69.15,66.25,68.3,68.95,68.21,248425,16945275.85,4489,136924,55.12,10,2018,73.70400159498844,0.01846381093057614,Slight or No change
133,2018-10-22,68.95,68.9,69.9,66.15,68.0,67.4,67.15,467024,31359332.5,8438,238734,51.12,10,2018,73.69381837664545,-0.02248005801305286,Slight or No change
134,2018-10-23,67.4,68.0,68.0,66.0,66.55,67.0,66.73,258613,17257085.35,5570,139156,53.81,10,2018,73.68783611344624,-0.005934718100890302,Slight or No change
135,2018-10-24,67.0,67.85,68.15,66.1,67.05,66.55,66.68,125273,8353526.65,3499,65032,51.91,10,2018,73.68474740212635,-0.006716417910447858,Slight or No change
136,2018-10-25,66.55,66.05,67.6,65.5,67.6,66.95,66.47,102269,6797975.85,2159,56349,55.1,10,2018,73.68236911000227,0.006010518407212784,Slight or No change
137,2018-10-26,66.95,67.8,69.1,66.4,69.0,68.65,67.83,169673,11509515.95,3424,108747,64.09,10,2018,73.67942244522938,0.025392083644510954,Slight or No change
138,2018-10-29,68.65,67.3,69.55,67.3,68.85,68.75,68.7,149909,10299237.3,3974,73223,48.84,10,2018,73.67687359315377,0.0014566642388929019,Slight or No change
139,2018-10-30,68.75,67.3,70.6,67.3,68.75,68.95,69.21,358809,24833794.05,4392,234246,65.28,10,2018,73.67103079279457,0.0029090909090909722,Slight or No change
140,2018-10-31,68.95,69.45,70.35,68.1,70.1,69.25,69.0,378726,26130593.35,5271,286094,75.54,10,2018,73.66527021376154,0.00435097897026826,Slight or No change
141,2018-11-01,69.25,71.4,72.0,68.4,68.4,68.7,69.77,412663,28792492.05,9246,172105,41.71,11,2018,73.65823074730433,-0.007942238267148016,Slight or No change
142,2018-11-02,68.7,69.2,69.9,68.5,68.85,68.95,69.2,284727,19703273.45,7449,146674,51.51,11,2018,73.65362963223588,0.00363901018922852,Slight or No change
143,2018-11-05,68.95,68.8,69.6,68.0,68.45,68.3,68.75,94500,6496771.1,1142,49478,52.36,11,2018,73.65189376703869,-0.009427121102248082,Slight or No change
144,2018-11-06,68.3,69.4,69.4,67.5,67.85,67.75,68.33,81838,5592248.8,2579,33923,41.45,11,2018,73.65023700426134,-0.008052708638360162,Slight or No change
145,2018-11-07,67.75,68.05,69.4,68.05,69.35,69.05,68.87,30125,2074836.95,524,23661,78.54,11,2018,73.64976169495114,0.01918819188191878,Slight or No change
146,2018-11-09,69.05,69.0,70.3,68.45,70.0,69.75,69.79,137952,9627858.8,4058,92817,67.28,11,2018,73.64791740291122,0.010137581462708267,Slight or No change
147,2018-11-12,69.75,68.7,70.8,68.7,69.7,69.6,69.99,122387,8566201.85,4946,70252,57.4,11,2018,73.64621975205583,-0.0021505376344086446,Slight or No change
148,2018-11-13,69.6,69.6,70.8,68.95,69.1,69.4,69.93,132784,9285567.7,4907,81821,61.62,11,2018,73.64428853053546,-0.002873563218390607,Slight or No change
149,2018-11-14,69.4,71.3,74.5,70.5,72.3,71.95,71.96,1379963,99297106.2,27644,973105,70.52,11,2018,73.63631793484655,0.036743515850144126,Slight or No change
150,2018-11-15,71.95,72.0,72.35,71.05,71.95,71.95,71.88,278950,20052257.3,5164,209291,75.03,11,2018,73.6347158371679,0.0,Slight or No change
151,2018-11-16,71.95,72.5,72.5,70.0,71.75,71.85,71.6,401007,28714071.65,5383,257271,64.16,11,2018,73.63228166406459,-0.001389854065323215,Slight or No change
152,2018-11-19,71.85,72.0,73.05,71.15,71.15,71.45,71.95,236216,16995221.7,6895,186372,78.9,11,2018,73.63052979451344,-0.005567153792623403,Slight or No change
153,2018-11-20,71.45,72.0,72.0,70.5,72.0,71.9,71.7,295758,21206073.45,4059,221446,74.87,11,2018,73.62879215000476,0.006298110566830051,Slight or No change
154,2018-11-21,71.9,71.95,72.0,70.95,72.0,71.95,71.88,280442,20158763.45,2794,213255,76.04,11,2018,73.62719527091022,0.0006954102920722072,Slight or No change
155,2018-11-22,71.95,72.0,74.8,71.5,73.35,73.3,73.18,988530,72340368.1,12626,363030,36.72,11,2018,73.62610188063427,0.018763029881862403,Slight or No change
156,2018-11-26,73.3,73.3,74.15,72.35,73.1,73.65,73.67,333220,24548083.15,5289,204693,61.43,11,2018,73.62612877022477,0.004774897680764001,Slight or No change
157,2018-11-27,73.65,73.6,76.5,73.05,76.35,76.15,75.47,702396,53011346.55,14440,447034,63.64,11,2018,73.63210063274073,0.0339443312966734,Slight or No change
158,2018-11-28,76.15,77.0,77.5,70.75,71.0,71.2,73.44,462408,33960615.25,7103,203220,43.95,11,2018,73.62831802348838,-0.06500328299409064,Slight or No change
159,2018-11-29,71.2,71.2,72.3,70.1,70.85,70.4,70.96,276196,19599151.5,5198,106604,38.6,11,2018,73.62532179425804,-0.011235955056179692,Slight or No change
160,2018-11-30,70.4,71.0,71.5,67.0,67.9,68.05,68.91,2154487,148471622.35,29720,1824622,84.69,11,2018,73.5852478315631,-0.03338068181818199,Slight or No change
161,2018-12-03,68.05,68.45,69.35,67.7,68.55,68.9,68.71,306421,21054557.65,10722,198945,64.93,12,2018,73.58046311930086,0.012490815576782,Slight or No change
162,2018-12-04,68.9,69.0,69.3,68.0,68.9,68.9,68.62,133599,9167730.65,6522,86588,64.81,12,2018,73.57838005134376,0.0,Slight or No change
163,2018-12-05,68.9,67.7,69.45,67.1,67.85,67.95,68.03,1226814,83463412.35,7181,1057758,86.22,12,2018,73.5554712557725,-0.013788098693759077,Slight or No change
164,2018-12-06,67.95,68.0,69.6,66.0,66.15,66.3,67.24,489131,32887932.95,7429,165917,33.92,12,2018,73.54371614488775,-0.02428256070640189,Slight or No change
165,2018-12-07,66.3,66.75,68.6,66.05,66.7,66.75,67.14,245706,16496337.55,4043,114190,46.47,12,2018,73.53819148226042,0.006787330316742057,Slight or No change
166,2018-12-10,66.75,66.05,66.2,64.1,65.1,65.1,65.03,154612,10054756.55,3531,85525,55.32,12,2018,73.5338757648408,-0.024719101123595544,Slight or No change
167,2018-12-11,65.1,63.7,66.5,63.7,66.0,66.15,65.3,104143,6800581.9,2774,59084,56.73,12,2018,73.53133288814252,0.016129032258064724,Slight or No change
168,2018-12-12,66.15,66.0,68.7,65.65,68.25,67.95,67.63,281880,19063708.9,4140,160168,56.82,12,2018,73.52613522180287,0.027210884353741527,Slight or No change
169,2018-12-13,67.95,69.4,69.6,68.25,68.9,68.85,69.17,181176,12532696.4,8936,107630,59.41,12,2018,73.5233379538912,0.013245033112582627,Slight or No change
170,2018-12-14,68.85,68.95,71.1,68.5,69.75,69.85,69.95,338111,23649484.85,9813,258540,76.47,12,2018,73.51924174627071,0.014524328249818419,Slight or No change
171,2018-12-17,69.85,69.85,71.4,69.05,69.4,70.1,69.94,378359,26462180.7,6919,298173,78.81,12,2018,73.51498032911165,0.0035790980672869566,Slight or No change
172,2018-12-18,70.1,69.5,70.95,69.3,70.7,70.45,70.42,1491592,105042332.15,4864,1237804,82.99,12,2018,73.49999489488295,0.004992867332382467,Slight or No change
173,2018-12-19,70.45,72.0,72.5,70.7,71.15,71.5,71.28,490257,34944608.75,9341,248165,50.62,12,2018,73.49678606321493,0.014904187366926891,Slight or No change
174,2018-12-20,71.5,71.1,71.65,70.7,70.9,70.95,71.1,87032,6188293.75,2282,44577,51.22,12,2018,73.49606088960013,-0.007692307692307665,Slight or No change
175,2018-12-21,70.95,71.4,72.0,69.85,71.5,71.25,70.76,148912,10536683.45,1976,100411,67.43,12,2018,73.49496715927285,0.0042283298097252064,Slight or No change
176,2018-12-24,71.25,71.6,71.6,68.8,68.8,69.2,69.82,314964,21992144.55,2644,263058,83.52,12,2018,73.49054807054286,-0.028771929824561338,Slight or No change
177,2018-12-26,69.2,68.2,69.8,67.75,68.1,68.1,68.49,190287,13032748.1,4544,65234,34.28,12,2018,73.48719930980127,-0.015895953757225523,Slight or No change
178,2018-12-27,68.1,68.9,69.65,68.0,68.75,68.45,68.65,141427,9709304.95,2711,68342,48.32,12,2018,73.48487463040078,0.0051395007342145416,Slight or No change
179,2018-12-28,68.45,77.8,77.8,73.4,75.1,74.8,74.74,3759548,280985222.1,32483,820431,21.82,12,2018,73.5008131816273,0.09276844411979535,Slight or No change
180,2018-12-31,74.8,75.45,75.6,72.0,73.45,73.6,73.09,598266,43727899.95,10996,260463,43.54,12,2018,73.50100410432593,-0.016042780748663166,Slight or No change
181,2019-01-01,73.6,73.45,75.55,72.4,74.15,74.3,74.61,1252687,93467307.45,7598,246509,19.68,1,2019,73.50421147773316,0.009510869565217517,Slight or No change
182,2019-01-02,74.3,73.75,73.8,70.55,70.85,71.15,72.19,328582,23721534.35,4202,163173,49.66,1,2019,73.50173522710604,-0.042395693135935275,Slight or No change
183,2019-01-03,71.15,71.25,71.7,69.3,69.55,69.55,70.39,208543,14678340.3,3544,121822,58.42,1,2019,73.49909890188597,-0.022487702037948143,Slight or No change
184,2019-01-04,69.55,69.05,70.3,68.6,68.8,69.0,69.2,185463,12834788.4,2573,84045,45.32,1,2019,73.49643117871966,-0.00790797987059666,Slight or No change
185,2019-01-07,69.0,69.95,70.3,69.0,69.95,69.9,69.7,147380,10271740.0,2352,82137,55.73,1,2019,73.49473737275265,0.013043478260869712,Slight or No change
186,2019-01-08,69.9,69.75,69.8,68.05,68.25,68.65,69.0,164222,11330816.0,2739,101665,61.91,1,2019,73.49219624162887,-0.01788268955650929,Slight or No change
187,2019-01-09,68.65,69.0,69.7,68.3,68.8,68.6,68.99,131241,9054857.05,1591,60315,45.96,1,2019,73.49014641612418,-0.000728332119446673,Slight or No change
188,2019-01-10,68.6,68.9,70.8,66.2,69.9,70.3,69.66,324307,22592132.1,2518,165897,51.15,1,2019,73.48684681833778,0.02478134110787167,Slight or No change
189,2019-01-11,70.3,72.0,73.0,71.05,71.7,71.95,71.88,515022,37022262.6,7074,241606,46.91,1,2019,73.48432660293867,0.023470839260313126,Slight or No change
190,2019-01-14,71.95,72.15,72.15,70.2,70.55,70.6,71.03,179988,12785360.65,2097,106632,59.24,1,2019,73.4826745632958,-0.018763029881862514,Slight or No change
191,2019-01-15,70.6,70.95,70.95,69.1,70.0,69.75,69.99,161922,11332768.2,1832,95370,58.9,1,2019,73.48075220320649,-0.012039660056657131,Slight or No change
192,2019-01-16,69.75,69.85,70.45,68.7,68.8,68.95,69.63,314484,21898746.65,7807,203523,64.72,1,2019,73.47622485982721,-0.011469534050179142,Slight or No change
193,2019-01-17,68.95,68.95,70.95,68.65,69.15,69.3,69.99,425624,29787978.95,5667,228337,53.65,1,2019,73.47058461941178,0.0050761421319796,Slight or No change
194,2019-01-18,69.3,69.3,69.6,68.25,68.4,68.55,68.76,133127,9154261.1,1917,77020,57.85,1,2019,73.46850689920606,-0.010822510822510845,Slight or No change
195,2019-01-21,68.55,68.7,69.15,68.0,68.0,68.2,68.54,88106,6038744.05,1362,50580,57.41,1,2019,73.46703500734836,-0.0051057622173594774,Slight or No change
196,2019-01-22,68.2,68.05,69.1,68.0,68.45,68.6,68.43,127844,8747817.2,2747,95088,74.38,1,2019,73.46506280411512,0.00586510263929596,Slight or No change
197,2019-01-23,68.6,68.6,69.7,68.0,69.1,68.85,68.88,114950,7917841.3,2472,57677,50.18,1,2019,73.46338192983538,0.0036443148688045657,Slight or No change
198,2019-01-24,68.85,68.75,69.05,66.7,67.75,67.7,68.27,768847,52491387.85,10595,670668,87.23,1,2019,73.44937608589208,-0.016702977487291104,Slight or No change
199,2019-01-25,67.7,67.7,68.3,67.05,67.35,67.35,67.7,199816,13528317.5,3269,135821,67.97,1,2019,73.44552632788759,-0.005169867060561439,Slight or No change
200,2019-01-28,67.35,67.05,69.3,65.5,66.85,66.9,67.13,621305,41710835.9,5522,542698,87.35,1,2019,73.43270551131421,-0.006681514476614581,Slight or No change
201,2019-01-29,66.9,66.25,78.9,64.75,69.3,69.35,67.19,1091626,73347589.6,16337,793817,72.72,1,2019,73.41870331514082,0.03662182361733923,Slight or No change
202,2019-01-30,69.35,69.95,69.95,68.05,68.1,68.3,68.57,202790,13904616.1,4997,101674,50.14,1,2019,73.41544416688998,-0.015140591204037435,Slight or No change
203,2019-01-31,68.3,68.35,70.6,68.35,70.0,69.9,69.54,609608,42389841.8,5274,493694,80.99,1,2019,73.40872836265946,0.023426061493411643,Slight or No change
204,2019-02-01,69.9,69.95,70.7,68.0,70.5,69.95,70.12,462640,32442242.35,6430,390006,84.3,2,2019,73.40372113183092,0.0007153075822603494,Slight or No change
205,2019-02-04,69.95,69.9,71.2,69.2,71.15,70.7,70.55,389857,27505347.75,13341,298954,76.68,2,2019,73.40042673650127,0.010721944245889903,Slight or No change
206,2019-02-05,70.7,70.75,71.45,70.1,70.35,71.0,71.03,228973,16264177.6,10587,172830,75.48,2,2019,73.3987101308999,0.004243281471004279,Slight or No change
207,2019-02-06,71.0,71.4,71.4,69.8,70.2,70.85,70.89,697305,49431584.8,18716,595798,85.44,2,2019,73.39317157891402,-0.0021126760563381364,Slight or No change
208,2019-02-07,70.85,70.75,71.75,69.1,70.0,70.35,70.15,729905,51204874.35,14846,576012,78.92,2,2019,73.38626506274494,-0.007057163020465773,Slight or No change
209,2019-02-08,70.35,70.2,71.25,70.2,70.6,70.95,70.81,100041,7084239.3,3767,65425,65.4,2,2019,73.38550747359565,0.008528784648187848,Slight or No change
210,2019-02-11,70.95,71.0,71.8,70.0,70.0,71.0,70.98,296921,21076917.9,4525,251300,84.64,2,2019,73.38330783040446,0.000704721634954053,Slight or No change
211,2019-02-12,71.0,69.7,72.7,69.7,72.3,72.0,71.79,256900,18442657.6,6748,179786,69.98,2,2019,73.38220510560978,0.014084507042253502,Slight or No change
212,2019-02-13,72.0,72.05,73.4,72.05,73.0,72.95,72.99,120194,8773087.0,2807,72524,60.34,2,2019,73.3820439687353,0.013194444444444509,Slight or No change
213,2019-02-14,72.95,71.9,74.4,70.2,71.3,71.3,71.84,1621958,116527476.35,8105,1469669,90.61,2,2019,73.37162146019811,-0.022618231665524458,Slight or No change
214,2019-02-15,71.3,71.9,75.0,70.45,71.55,72.2,71.39,1263529,90205399.95,3914,1064011,84.21,2,2019,73.36707027006953,0.012622720897615736,Slight or No change
215,2019-02-18,72.2,72.2,73.25,71.8,72.5,72.8,72.71,181230,13176976.75,5517,111118,61.31,2,2019,73.36675449523906,0.008310249307479145,Slight or No change
216,2019-02-19,72.8,73.2,74.35,72.7,73.4,73.1,73.34,452783,33208856.5,16515,319893,70.65,2,2019,73.36638389250875,0.004120879120879106,Slight or No change
217,2019-02-20,73.1,73.2,73.95,73.0,73.95,73.7,73.55,173097,12731074.8,2293,147045,84.95,2,2019,73.36656099012023,0.008207934336525335,Slight or No change
218,2019-02-21,73.7,73.7,75.4,73.7,75.05,74.85,74.52,559399,41687548.9,6335,441954,79.01,2,2019,73.36910151309694,0.015603799185888612,Slight or No change
219,2019-02-22,74.85,74.15,76.0,74.15,75.95,75.25,75.02,177985,13352235.85,3461,148255,83.3,2,2019,73.37012585260678,0.005344021376085584,Slight or No change
220,2019-02-25,75.25,75.0,75.6,74.1,74.55,74.85,74.94,114085,8549149.25,5144,84231,73.83,2,2019,73.37064226531092,-0.0053156146179402786,Slight or No change
221,2019-02-26,74.85,74.0,74.6,73.1,74.0,73.9,73.92,103390,7642426.9,4485,69790,67.5,2,2019,73.3708096185278,-0.0126920507682029,Slight or No change
222,2019-02-27,73.9,73.4,75.2,71.4,75.0,74.95,73.23,548274,40148159.75,16519,455206,83.03,2,2019,73.37345270226368,0.01420838971583227,Slight or No change
223,2019-02-28,74.95,73.25,77.0,73.25,76.45,76.05,75.02,583368,43762963.75,9953,498069,85.38,2,2019,73.3782106929852,0.014676450967311405,Slight or No change
224,2019-03-01,76.05,76.4,76.4,74.25,75.0,75.65,75.62,157591,11917266.5,3349,104692,66.43,3,2019,73.37930112105535,-0.005259697567389754,Slight or No change
225,2019-03-05,75.65,76.05,76.4,75.25,76.25,76.2,76.01,166209,12633681.65,5530,121118,72.87,3,2019,73.38072833481286,0.007270323859881023,Slight or No change
226,2019-03-06,76.2,76.55,79.9,76.5,78.9,78.3,78.58,513608,40359653.45,13308,327507,63.77,3,2019,73.38840781528302,0.027559055118110187,Slight or No change
227,2019-03-07,78.3,78.4,81.85,78.0,80.5,80.25,79.94,572204,45743920.9,8141,350247,61.21,3,2019,73.40032079426133,0.02490421455938696,Slight or No change
228,2019-03-08,80.25,80.1,88.4,80.1,85.65,85.8,85.45,2567128,219370757.1,16633,795328,30.98,3,2019,73.49615771751695,0.06915887850467284,Slight or No change
229,2019-03-11,85.8,85.6,89.3,81.1,87.3,87.9,85.02,11226570,954490986.5,50088,6207626,55.29,3,2019,73.96709560900968,0.02447552447552459,Slight or No change
230,2019-03-12,87.9,87.6,87.6,82.65,83.25,83.25,84.54,1344958,113709117.1,11948,993364,73.86,3,2019,74.00331432138958,-0.05290102389078499,Slight or No change
231,2019-03-13,83.25,82.75,84.5,82.4,82.4,83.0,83.21,726253,60430942.3,6594,429750,59.17,3,2019,74.02222890886434,-0.0030030030030030463,Slight or No change
232,2019-03-14,83.0,84.3,85.9,82.85,83.8,83.65,83.87,732610,61441168.9,13209,300501,41.02,3,2019,74.04260425099224,0.007831325301204783,Slight or No change
233,2019-03-15,83.65,84.0,84.5,78.0,79.95,80.15,83.04,1642496,136389159.95,8168,1301221,79.22,3,2019,74.0714452939661,-0.04184100418410042,Slight or No change
234,2019-03-18,80.15,81.0,82.0,79.5,80.0,80.65,80.68,297299,23986484.75,6567,158501,53.31,3,2019,74.0770635749911,0.006238303181534732,Slight or No change
235,2019-03-19,80.65,80.85,83.95,80.35,82.8,83.05,82.5,1094294,90283660.95,12411,885597,80.93,3,2019,74.10518161631049,0.029758214507129566,Slight or No change
236,2019-03-20,83.05,83.15,83.8,80.2,81.25,81.0,82.31,368060,30294894.3,8206,266028,72.28,3,2019,74.11244101099813,-0.024683925346176916,Slight or No change
237,2019-03-22,81.0,81.9,82.8,79.8,80.0,80.15,81.35,246458,20048639.25,4879,170826,69.31,3,2019,74.11669461626181,-0.01049382716049374,Slight or No change
238,2019-03-25,80.15,79.15,80.95,76.55,78.4,78.35,79.09,150104,11871136.75,2798,78902,52.56,3,2019,74.11851029259319,-0.022457891453524836,Slight or No change
239,2019-03-26,78.35,78.4,79.7,78.2,79.05,79.0,79.04,230634,18228797.9,1367,175730,76.19,3,2019,74.12172510894203,0.008296107211231751,Slight or No change
240,2019-03-27,79.0,78.95,82.0,78.55,79.65,79.85,79.41,4896930,388865545.8,7229,4620835,94.36,3,2019,74.20071972215379,0.010759493670885911,Slight or No change
241,2019-03-28,79.85,79.9,82.0,79.6,81.25,80.7,80.36,1231833,98993294.35,3467,1133825,92.04,3,2019,74.22318764270706,0.010644959298685253,Slight or No change
242,2019-03-29,80.7,80.95,81.8,80.2,80.5,80.65,80.83,153020,12369348.45,2188,112674,73.63,3,2019,74.22594633420894,-0.0006195786864930941,Slight or No change
243,2019-04-01,80.65,80.65,81.8,79.8,79.9,80.0,80.8,140030,11314395.25,5037,70749,50.52,4,2019,74.22821353854401,-0.008059516429014368,Slight or No change
244,2019-04-02,80.0,80.7,84.9,80.0,84.7,83.35,82.9,2184611,181099586.15,8312,1834595,83.98,4,2019,74.2837515709779,0.041874999999999885,Slight or No change
245,2019-04-03,83.35,84.85,86.4,80.75,81.55,81.95,83.45,941065,78534768.1,13469,607674,64.57,4,2019,74.30380559033978,-0.01679664067186548,Slight or No change
246,2019-04-04,81.95,81.95,82.15,79.55,80.3,80.0,80.37,202800,16298732.15,3429,82139,40.5,4,2019,74.30701486524511,-0.02379499694935938,Slight or No change
247,2019-04-05,80.0,80.0,80.15,79.5,79.85,79.75,79.82,116417,9292006.05,1063,56726,48.73,4,2019,74.30877468131868,-0.0031250000000000444,Slight or No change
248,2019-04-08,79.75,79.95,80.4,78.05,78.85,78.7,79.27,124589,9875881.5,2400,62953,50.53,4,2019,74.31029358034684,-0.013166144200626895,Slight or No change
249,2019-04-09,78.7,78.55,79.7,78.05,78.3,78.45,78.75,75420,5939420.8,757,42122,55.85,4,2019,74.31116020018644,-0.0031766200762388674,Slight or No change
250,2019-04-10,78.45,79.45,80.5,78.25,79.3,79.2,79.37,95041,7543504.05,1129,48319,50.84,4,2019,74.3124495620056,0.009560229445506607,Slight or No change
251,2019-04-11,79.2,78.85,78.95,76.5,77.35,77.9,78.0,135402,10561047.25,1229,94254,69.61,4,2019,74.31379702841475,-0.016414141414141326,Slight or No change
252,2019-04-12,77.9,79.1,80.55,79.05,79.1,79.4,79.52,774501,61588679.4,11707,461164,59.54,4,2019,74.32470084359706,0.019255455712451797,Slight or No change
253,2019-04-15,79.4,79.0,79.8,78.8,79.1,79.1,79.14,202957,16062088.85,4250,166317,81.95,4,2019,74.32738200846705,-0.0037783375314862644,Slight or No change
254,2019-04-16,79.1,79.2,79.45,78.1,78.75,78.75,78.94,498800,39374557.65,3037,440982,88.41,4,2019,74.33347633764183,-0.004424778761061843,Slight or No change
255,2019-04-18,78.75,79.9,80.0,77.55,77.7,78.1,78.42,488995,38346588.7,5853,417739,85.43,4,2019,74.33855768471233,-0.008253968253968291,Slight or No change
256,2019-04-22,78.1,77.75,77.8,75.6,76.2,76.25,76.58,185783,14226961.15,4655,108770,58.55,4,2019,74.33953690040816,-0.023687580025608113,Slight or No change
257,2019-04-23,76.25,76.2,77.8,73.9,74.7,74.25,74.89,1969005,147449270.05,5581,1870487,95.0,4,2019,74.33905338706934,-0.02622950819672132,Slight or No change
258,2019-04-24,74.25,76.0,76.5,74.15,74.35,74.6,75.03,1420462,106571181.35,9709,1202297,84.64,4,2019,74.34006602049908,0.00471380471380467,Slight or No change
259,2019-04-25,74.6,75.1,75.55,73.05,74.0,74.25,74.67,736409,54985722.3,8892,524862,71.27,4,2019,74.33988518728907,-0.004691689008042843,Slight or No change
260,2019-04-26,74.25,74.0,76.2,71.5,74.1,74.05,72.16,4761140,343569277.85,11500,3919483,82.32,4,2019,74.33617040133814,-0.002693602693602748,Slight or No change
261,2019-04-30,74.05,74.1,75.2,73.0,75.0,75.0,74.67,1881509,140500193.55,15821,1572300,83.57,4,2019,74.33951516908097,0.01282916948008106,Slight or No change
262,2019-05-02,75.0,75.1,75.85,74.05,74.1,74.45,74.78,158466,11850356.85,1764,79153,49.95,5,2019,74.33956203504385,-0.007333333333333303,Slight or No change
263,2019-05-03,74.45,74.5,77.9,73.9,74.45,74.4,76.28,1365345,104151193.2,11631,330710,24.22,5,2019,74.3397821181328,-0.000671591672263272,Slight or No change
264,2019-05-06,74.4,73.6,74.1,72.15,72.85,72.95,73.17,162351,11878426.4,1585,73909,45.52,5,2019,74.33918060084427,-0.019489247311827995,Slight or No change
265,2019-05-07,72.95,72.8,74.6,72.5,72.7,72.9,73.49,233538,17161694.0,4634,141921,60.77,5,2019,74.33828513510294,-0.0006854009595612665,Slight or No change
266,2019-05-08,72.9,72.9,73.0,70.1,71.6,71.65,71.36,343907,24542401.8,7449,213025,61.94,5,2019,74.33582423080044,-0.01714677640603568,Slight or No change
267,2019-05-09,71.65,71.0,71.85,70.0,71.45,71.25,70.69,219913,15546726.85,5133,119405,54.3,5,2019,74.33401894353172,-0.005582693649685999,Slight or No change
268,2019-05-10,71.25,71.0,72.9,70.8,71.2,71.35,71.55,156657,11209038.05,1369,86735,55.37,5,2019,74.33277587618376,0.00140350877192974,Slight or No change
269,2019-05-13,71.35,71.0,71.3,70.0,70.4,70.25,70.4,152710,10750130.75,2235,78786,51.59,5,2019,74.33111861876246,-0.015416958654519863,Slight or No change
